,City ID,City Name,Country,Latitude,Longitude,Max Temperature,Humidity,Clouds,Wind Speed,Date
0,4020109,Atuona,PF,-9.8,-139.0333,80.28,77,89,21.81,1612651136
1,1899102,Nagato,JP,34.3833,131.2,48.2,93,75,3.44,1612651141
2,1252810,Yairipok,IN,24.6667,94.0667,46.78,79,0,1.34,1612651144
3,3466704,Castro,BR,-24.7911,-50.0119,62.64,68,0,6.91,1612650958
4,3471451,Arraial do Cabo,BR,-22.9661,-42.0278,71.6,94,75,3.44,1612651041
5,3670218,San Andrés,CO,12.5847,-81.7006,84.2,70,20,11.5,1612651469
6,3833367,Ushuaia,AR,-54.8,-68.3,53.6,71,40,19.57,1612650793
7,1497406,Nizhnyaya Omka,RU,55.4338,74.9426,27.77,97,100,18.61,1612651160
8,1729564,Bacolod City,PH,10.6667,122.95,77.74,83,76,10.33,1612651107
9,2092164,Lorengau,PG,-2.0226,147.2712,84.78,69,98,3.49,1612651053
10,1507390,Dikson,RU,73.5069,80.5464,-28.75,86,89,9.57,1612651057
11,1513023,Pop,UZ,40.8736,71.1089,42.8,49,100,4.61,1612651172
12,5122534,Jamestown,US,42.097,-79.2353,21.2,45,1,10.36,1612650924
13,2063042,Port Hedland,AU,-20.3167,118.5667,75.2,88,0,6.91,1612651083
14,1282256,Hithadhoo,MV,-0.6,73.0833,81.66,75,51,12.37,1612651182
15,1506676,Gari,RU,59.4307,62.3497,-1.55,93,100,12.15,1612651185
16,5848280,Kapaa,US,22.0752,-159.319,73.99,49,20,6.91,1612650782
17,3831208,Qaanaaq,GL,77.484,-69.3632,9.77,86,99,6.98,1612651060
18,2155415,New Norfolk,AU,-42.7826,147.0587,64.0,63,68,1.99,1612651103
19,989921,Klerksdorp,ZA,-26.8521,26.6667,64.26,79,100,7.11,1612651197
20,2122090,Pevek,RU,69.7008,170.3133,-5.75,88,38,5.23,1612651003
21,2180815,Tuatapere,NZ,-46.1333,167.6833,70.03,50,1,1.92,1612651206
22,4013724,Camargo,MX,27.6667,-105.1667,69.93,20,0,12.71,1612651209
23,2331005,Malumfashi,NG,11.7853,7.6218,68.23,24,85,9.17,1612651212
24,3374210,São Filipe,CV,14.8961,-24.4956,70.09,73,42,14.5,1612651216
25,5282297,Bethel,US,41.3712,-73.414,42.8,28,1,11.5,1612650990
26,2126682,Bilibino,RU,68.0546,166.4372,-7.51,80,0,2.75,1612651518
27,129933,Jūybār,IR,36.6412,52.9124,51.85,83,100,2.57,1612651225
28,1856392,Muroto-misakicho,JP,33.2833,134.15,35.6,87,40,8.05,1612651068
29,2017155,Saskylakh,RU,71.9167,114.0833,-37.77,79,88,6.93,1612651230
30,1214488,Meulaboh,ID,4.1363,96.1285,75.81,92,84,6.06,1612651234
31,2121197,Sinegor'ye,RU,62.0788,150.477,-16.33,84,99,1.05,1612651238
32,2173125,Burnie,AU,-41.0667,145.9167,68.0,85,30,5.01,1612651241
33,6201424,Mataura,NZ,-46.1927,168.8643,73.74,53,0,2.39,1612651153
34,3175788,Oga,IT,46.4631,10.347,48.99,93,75,5.75,1612651537
35,3424607,Tasiilaq,GL,65.6145,-37.6368,35.6,55,75,29.93,1612651250
36,3372707,Ribeira Grande,PT,38.5167,-28.7,60.8,94,75,18.41,1612651026
37,3403251,Canto do Buriti,BR,-8.11,-42.9444,73.49,88,100,5.95,1612651256
38,2015306,Tiksi,RU,71.6872,128.8694,-24.63,84,100,4.68,1612650788
39,4032243,Vaini,TO,-21.2,-175.2,82.4,89,75,6.91,1612651203
40,3450206,Santa Helena de Goiás,BR,-17.8136,-50.5969,73.18,87,55,4.88,1612651267
41,556268,Ostrovnoy,RU,68.0531,39.5131,9.01,91,100,9.15,1612651270
42,2075265,Busselton,AU,-33.65,115.3333,57.99,97,100,3.0,1612651557
43,3652764,Puerto Ayora,EC,-0.7393,-90.3518,86.0,62,0,16.11,1612651006
44,1106677,Bambous Virieux,MU,-20.3428,57.7575,78.8,78,40,4.61,1612650841
45,3931137,Putina,PE,-15.4667,-69.4333,51.66,70,29,13.76,1612651283
46,1489499,Togur,RU,58.3631,82.8265,33.3,94,100,11.48,1612651286
47,4030556,Rikitea,PF,-23.1203,-134.9692,78.44,69,100,10.42,1612651568
48,1015776,Bredasdorp,ZA,-34.5322,20.0403,69.8,73,62,6.91,1612651064
49,1819729,Hong Kong,HK,22.2855,114.1577,66.0,64,0,6.38,1612651138
50,49747,Oddur,SO,4.1213,43.8894,67.33,85,0,14.72,1612651299
51,2074865,Carnarvon,AU,-24.8667,113.6333,78.8,100,40,12.66,1612651129
52,3382160,Cayenne,GF,4.9333,-52.3333,77.0,100,90,3.44,1612651580
53,2126123,Chokurdakh,RU,70.6333,147.9167,-24.43,86,26,3.69,1612651308
54,5338122,Clovis,US,36.8252,-119.7029,66.0,42,1,2.44,1612651311
55,3418910,Upernavik,GL,72.7868,-56.1549,19.63,77,95,3.09,1612651055
56,2980080,Saint-François,FR,46.4154,3.9054,46.99,100,0,2.3,1612651319
57,3874787,Punta Arenas,CL,-53.15,-70.9167,57.2,51,75,24.16,1612651593
58,3421319,Nuuk,GL,64.1835,-51.7216,28.4,46,20,14.97,1612651304
59,3366880,Hermanus,ZA,-34.4187,19.2345,66.99,90,80,4.32,1612651011
60,1650434,Bambanglipuro,ID,-7.95,110.2833,75.58,87,75,5.37,1612651335
61,2253354,Dakar,SN,14.6937,-17.4441,64.4,72,0,13.8,1612651338
62,6165406,Thompson,CA,55.7435,-97.8558,-25.6,62,75,14.97,1612651021
63,5106841,Albany,US,42.6001,-73.9662,30.2,40,20,13.8,1612651609
64,2110227,Butaritari,KI,3.0707,172.7902,81.3,80,100,20.31,1612651144
65,178443,Wajir,KE,1.7471,40.0573,77.58,64,0,15.66,1612651351
66,2171099,Codrington,AU,-38.2667,141.9667,58.69,69,100,12.19,1612651281
67,1605214,Uttaradit,TH,17.6667,100.5,66.0,99,0,2.84,1612651357
68,1633034,Palu,ID,-0.8917,119.8707,76.8,73,100,2.59,1612651360
69,3355672,Lüderitz,NA,-26.6481,15.1594,70.3,57,0,21.43,1612651351
70,6167817,Torbay,CA,47.6666,-52.7314,41.0,100,90,21.85,1612651270
71,1254046,Tura,IN,25.5198,90.2201,56.12,69,100,1.25,1612651369
72,964420,Port Elizabeth,ZA,-33.918,25.5701,68.0,83,40,9.22,1612651295
73,964432,Port Alfred,ZA,-33.5906,26.891,68.0,90,46,5.99,1612651633
74,2163355,Hobart,AU,-42.8794,147.3294,64.0,59,75,12.66,1612651637
75,2399870,Lastoursville,GA,-0.8143,12.7287,74.48,88,99,1.97,1612651385
76,1649150,Bengkulu,ID,-3.8004,102.2655,76.64,73,98,3.89,1612651055
77,3515504,Tizimín,MX,21.15,-88.15,84.92,60,4,8.88,1612651393
78,1855540,Naze,JP,28.3667,129.4833,62.6,77,75,3.44,1612651648
79,3894426,Coyhaique,CL,-45.5752,-72.0662,78.8,22,20,8.05,1612651298
80,544084,Koslan,RU,63.4564,48.8989,-17.75,85,100,10.36,1612651654
81,6185377,Yellowknife,CA,62.456,-114.3525,-34.01,61,1,4.61,1612651656
82,4132093,Springdale,US,36.1867,-94.1288,39.2,100,90,2.57,1612651217
83,1957875,Andalan,PH,5.9594,121.3903,78.31,81,100,1.92,1612651661
84,1337610,Thinadhoo,MV,0.5333,72.9333,81.09,76,2,12.48,1612651663
85,6690296,Saint-Joseph,RE,-21.3667,55.6167,78.8,83,40,4.61,1612651666
86,3838859,Río Gallegos,AR,-51.6226,-69.2181,64.4,27,20,16.11,1612651668
87,3899695,Ancud,CL,-41.8697,-73.8203,73.4,46,0,8.05,1612651471
88,5866583,Saint Paul Harbor,US,57.79,-152.4072,37.4,60,20,3.44,1612651439
89,4703078,Kerrville,US,30.0474,-99.1403,71.6,9,1,16.11,1612651675
90,3369157,Cape Town,ZA,-33.9258,18.4232,72.0,83,20,9.22,1612651051
91,5546220,Saint George,US,37.1041,-113.5841,61.0,21,1,5.75,1612651276
92,1788852,Xining,CN,36.6167,101.7667,19.76,67,100,2.33,1612651682
93,3347019,Mossamedes,AO,-15.1961,12.1522,71.15,78,21,7.83,1612651684
94,3385077,Conde,BR,-7.2597,-34.9075,80.6,78,20,5.75,1612651687
95,6170031,Tuktoyaktuk,CA,69.4541,-133.0374,-16.6,83,90,24.16,1612651689
96,6089245,Norman Wells,CA,65.282,-126.8329,-29.2,75,75,4.61,1612651691
97,577922,Belomorsk,RU,64.5232,34.7668,16.75,97,100,5.35,1612651694
98,3985710,Cabo San Lucas,MX,22.8909,-109.9124,78.8,60,1,11.5,1612651169
99,6451497,Hyères,FR,43.1167,6.1167,57.2,82,0,6.91,1612651698
100,2986732,Ploemeur,FR,47.7333,-3.4333,39.0,87,0,5.75,1612651693
101,207596,Mweka,CD,-4.85,21.5667,68.65,92,59,1.43,1612651703
102,1024552,Xai-Xai,MZ,-25.0519,33.6442,76.1,82,98,4.45,1612651705
103,2742416,Barcelos,PT,41.5388,-8.6151,45.0,76,0,4.61,1612651708
104,2525392,Capaci,IT,38.1711,13.2393,73.4,17,0,21.85,1612651710
105,5924351,Clyde River,CA,70.4692,-68.5914,-13.0,84,1,2.3,1612651167
106,5850554,Makakilo City,US,21.3469,-158.0858,77.0,50,40,12.66,1612651715
107,2206939,Bluff,NZ,-46.6,168.3333,61.32,67,2,3.49,1612651228
108,6137462,Saint-Augustin,CA,51.226,-58.6502,33.03,95,100,19.95,1612651174
109,1734879,Buloh Kasap,MY,2.5536,102.764,75.2,88,20,6.91,1612651722
110,4035715,Avarua,CK,-21.2078,-159.775,84.2,74,67,11.5,1612651695
111,3443061,Chui,UY,-33.6971,-53.4616,69.42,72,0,9.84,1612651307
112,2629833,Husavik,IS,66.0449,-17.3389,33.8,64,75,8.05,1612651730
113,5861897,Fairbanks,US,64.8378,-147.7164,-5.01,77,90,0.04,1612651733
114,1006984,East London,ZA,-33.0153,27.9116,74.3,89,0,6.8,1612651090
115,3466165,Cidreira,BR,-30.1811,-50.2056,70.66,74,24,4.5,1612651595
116,2012530,Zhigansk,RU,66.7697,123.3711,-39.51,80,96,12.21,1612651740
117,933211,Nokaneng,BW,-19.6667,22.2667,71.26,89,100,4.63,1612651742
118,3403687,Camocim,BR,-2.9022,-40.8411,80.22,77,52,15.12,1612651744
119,1185092,Thakurgaon,BD,26.0333,88.4667,55.98,61,74,4.36,1612651747
120,2141722,Bouloupari,NC,-21.8667,166.05,82.4,74,40,4.61,1612651689
121,3899539,Antofagasta,CL,-23.65,-70.4,68.0,77,20,14.97,1612651751
122,2063036,Port Lincoln,AU,-34.7333,135.8667,61.68,69,87,11.23,1612651527
123,1653316,Savannakhet,LA,16.566,104.751,60.71,93,16,3.67,1612651757
124,3634922,La Victoria,VE,10.2184,-67.3302,84.2,74,20,4.65,1612651760
125,2077895,Alice Springs,AU,-23.7,133.8833,78.01,31,54,11.5,1612651762
126,3430863,Mar del Plata,AR,-38.0023,-57.5575,66.2,68,20,12.66,1612651512
127,3445026,Vila Velha,BR,-20.3297,-40.2925,80.6,78,20,3.44,1612651296
128,3128273,Benicarló,ES,40.4165,0.4271,48.0,73,26,11.01,1612651769
129,3172768,Monterotondo,IT,42.0525,12.6187,68.0,28,0,16.11,1612651772
130,4468261,Goldsboro,US,35.3849,-77.9928,48.2,49,20,3.44,1612651775
131,1622318,Waingapu,ID,-9.6567,120.2641,78.82,79,86,6.06,1612651777
132,1490256,Talnakh,RU,69.4865,88.3972,-29.63,73,0,2.44,1612651371
133,3533462,Acapulco de Juárez,MX,16.8634,-99.8901,86.0,62,1,11.5,1612651764
134,1337612,Dhidhdhoo,MV,6.8833,73.1,81.01,69,1,6.96,1612651687
135,107304,Buraidah,SA,26.326,43.975,50.0,100,75,5.75,1612651788
136,3374333,Praia,CV,14.9215,-23.5087,68.0,64,75,23.02,1612651503
137,1853174,Sakaiminato,JP,35.55,133.2333,50.0,87,75,2.3,1612651508
138,3664980,Boa Vista,BR,2.8197,-60.6733,87.8,48,40,9.22,1612651774
139,3837213,San Juan,AR,-31.5375,-68.5364,91.87,24,0,14.58,1612651797
140,1526038,Atbasar,KZ,51.8,68.3333,16.77,95,100,27.94,1612651630
141,2109528,Buala,SB,-8.145,159.5921,82.18,80,98,9.86,1612651802
142,2347758,Bara,NG,10.3744,10.7288,72.09,22,54,8.25,1612651804
143,777682,Skjervøy,NO,70.0311,20.9714,30.4,93,100,19.89,1612651674
144,3115824,Muros,ES,42.7762,-9.0603,41.0,94,36,5.01,1612651488
145,4031637,Lavrentiya,RU,65.5833,-171.0,-7.49,79,0,2.71,1612651501
146,156974,Kisesa,TZ,-3.0833,34.15,65.37,79,47,5.01,1612651815
147,2094342,Kavieng,PG,-2.5744,150.7967,83.57,68,53,2.33,1612651817
148,5364271,Laguna,US,38.421,-121.4238,64.0,48,1,4.61,1612651525
149,2450173,Taoudenni,ML,22.6783,-3.9836,63.03,30,63,10.54,1612651823
150,4513583,Hamilton,US,39.1834,-84.5333,39.2,30,1,3.0,1612651668
151,1651810,Airai,TL,-8.9266,125.4092,64.13,99,93,2.59,1612651827
152,1496511,Novy Urengoy,RU,66.0833,76.6333,-22.29,86,84,11.86,1612651749
153,5369578,Madera,US,37.1666,-119.8343,66.99,45,1,2.89,1612651833
154,4163318,Mango,US,27.9797,-82.3065,78.01,78,40,3.44,1612651836
155,6113406,Prince Rupert,CA,54.3161,-130.3201,39.2,93,90,5.97,1612651838
156,702679,Luhyny,UA,51.082,28.4006,9.41,89,7,5.64,1612651840
157,2174444,Bowen,AU,-20.0167,148.2333,78.8,89,40,6.08,1612651621
158,3883457,Lebu,CL,-37.6167,-73.65,60.76,86,65,3.11,1612651845
159,1523662,Kachīry,KZ,53.0675,76.1036,32.94,97,100,20.4,1612651847
160,3372783,Ponta Delgada,PT,37.7333,-25.6667,60.01,94,75,16.11,1612651850
161,6355222,Yulara,AU,-25.2406,130.9889,75.2,33,0,10.36,1612651689
162,2088122,Port Moresby,PG,-9.4431,147.1797,78.8,83,75,11.5,1612651854
163,1337607,Kudahuvadhoo,MV,2.6708,72.8944,81.01,77,32,13.4,1612651857
164,2108502,Honiara,SB,-9.4333,159.95,78.55,85,100,6.73,1612651553
165,2866135,Neubrandenburg,DE,53.5667,13.2667,27.0,56,100,4.0,1612651861
166,1282027,Malé,MV,4.1748,73.5089,82.4,78,40,10.36,1612651815
167,2027316,Ayan,RU,56.45,138.1667,-4.31,90,100,15.61,1612651866
168,233346,Gulu,UG,2.7746,32.299,69.15,25,28,4.88,1612651583
169,5554428,Ketchikan,US,55.3422,-131.6461,39.2,93,75,8.05,1612651675
170,2186111,Ngunguru,NZ,-35.6167,174.5,70.0,70,99,8.01,1612651874
171,3380290,Sinnamary,GF,5.3833,-52.95,77.72,86,100,13.53,1612651629
172,3352461,Usakos,NA,-22.0,15.6,77.63,38,49,4.74,1612651879
173,1529376,Korla,CN,41.7597,86.1469,25.59,86,0,2.62,1612651881
174,2022572,Khatanga,RU,71.9667,102.5,-35.93,78,0,7.94,1612651868
175,3665210,Rodrigues Alves,BR,-7.738,-72.6509,82.4,89,75,2.3,1612651886
176,3664956,Boca do Acre,BR,-8.7522,-67.3978,78.3,89,9,1.66,1612651888
177,2112309,Katsuura,JP,35.1333,140.3,44.6,65,0,3.44,1612651891
178,5847411,Kahului,US,20.8947,-156.47,75.2,53,20,11.5,1612651814
179,2381334,Atar,MR,20.5169,-13.0499,60.31,35,38,11.68,1612651895
180,3441890,Departamento de Maldonado,UY,-34.6667,-54.9167,70.0,83,40,10.36,1612651366
181,3874579,Purranque,CL,-40.9167,-73.1667,82.4,26,0,12.66,1612651900
182,3576994,Cockburn Town,TC,21.4612,-71.1419,78.8,73,40,17.27,1612651305
183,3516376,Tamiahua,MX,21.2667,-97.45,74.46,78,1,8.95,1612651905
184,3420768,Qasigiannguit,GL,68.8193,-51.1922,24.8,39,2,21.85,1612651819
185,2514651,Los Llanos de Aridane,ES,28.6585,-17.9182,60.8,63,0,6.91,1612651871
186,5962442,Goderich,CA,43.7501,-81.7165,21.2,63,100,17.27,1612651717
187,2641434,Northam,GB,51.0333,-4.2167,39.0,91,29,5.99,1612651914
188,686090,Asău,RO,46.4333,26.4,28.0,73,100,3.49,1612651916
189,2455735,Kangaba,ML,11.9333,-8.4167,79.57,16,79,3.27,1612651919
190,2064735,Nhulunbuy,AU,-12.2333,136.7667,82.4,78,75,11.5,1612651521
191,2738381,Lata,PT,40.1629,-8.3327,48.99,93,40,2.71,1612651925
192,1637001,Biak,ID,-0.9131,122.8766,77.59,76,100,2.8,1612651821
193,3893629,Coquimbo,CL,-29.9533,-71.3436,64.4,68,0,13.8,1612651805
194,1497132,Novochernorechenskiy,RU,56.2669,91.0828,18.75,95,99,7.63,1612651932
195,1736458,Kudat,MY,6.8837,116.8477,77.0,94,20,8.72,1612651768
196,2132606,Samarai,PG,-10.6167,150.6667,84.7,71,89,5.44,1612651936
197,3860443,Comodoro Rivadavia,AR,-45.8667,-67.5,55.4,76,75,17.27,1612651904
198,5177358,Wooster,US,40.8051,-81.9351,21.2,49,1,4.61,1612651941
199,2729907,Longyearbyen,SJ,78.2186,15.6401,19.4,73,75,8.05,1612651857
200,5746545,Portland,US,45.5234,-122.6762,46.4,87,90,19.57,1612651624
201,5954718,Flin Flon,CA,54.7682,-101.865,-22.0,57,40,8.05,1612651948
202,3984997,San Quintín,MX,30.4833,-115.95,64.74,58,0,11.18,1612651951
203,1714733,Dingle,PH,10.9995,122.6711,75.6,91,86,8.19,1612651574
204,1735106,George Town,MY,5.4112,100.3354,78.8,83,20,7.05,1612651696
205,5855927,Hilo,US,19.7297,-155.09,80.6,44,1,6.91,1612651958
206,3416888,Grindavik,IS,63.8424,-22.4338,33.8,69,0,18.41,1612651685
207,1279945,Jiuquan,CN,39.7432,98.5174,26.06,70,43,2.08,1612651963
208,6111696,Port-Cartier,CA,50.0334,-66.8654,30.2,93,100,9.22,1612651726
209,6111862,Port Hardy,CA,50.6996,-127.4199,44.6,75,75,12.66,1612651551
210,2281120,Tabou,CI,4.423,-7.3528,79.03,90,16,7.94,1612651970
211,3939168,Huarmey,PE,-10.0681,-78.1522,72.75,72,76,10.65,1612651261
212,2264557,Ponta do Sol,PT,32.6667,-17.1,55.0,66,8,5.61,1612651804
213,676819,Grădiştea,RO,44.2333,27.2167,42.01,86,84,4.0,1612651977
214,3903987,Sucre,BO,-19.0333,-65.2627,60.94,68,66,7.36,1612651979
215,3372760,Praia da Vitória,PT,38.7333,-27.0667,60.8,82,40,12.57,1612651732
216,2194098,Ahipara,NZ,-35.1667,173.1667,71.94,57,94,4.52,1612651824
217,1809263,Guozhen,CN,34.3659,107.359,44.96,45,100,3.0,1612651986
218,1486369,Yarkovo,RU,57.4028,67.0786,31.5,99,100,11.14,1612651989
219,2136697,Lakatoro,VU,-16.0999,167.4164,82.99,67,9,2.93,1612651991
220,1792916,Tianpeng,CN,30.9866,103.9393,50.0,1,1,3.27,1612651993
221,935215,Saint-Philippe,RE,-21.3585,55.7679,78.8,83,40,4.61,1612651583
222,6096551,Pangnirtung,CA,66.1451,-65.7125,23.14,80,82,2.8,1612651998
223,1632033,Pasuruan,ID,-7.6453,112.9075,77.0,88,20,8.05,1612652003
224,3421982,Maniitsoq,GL,65.4167,-52.9,28.85,79,0,21.81,1612652005
225,3395981,Maceió,BR,-9.6658,-35.7353,77.0,88,0,11.5,1612652007
226,4845585,Westport,US,41.1415,-73.3579,42.8,49,1,13.8,1612651573
227,4031574,Provideniya,RU,64.3833,-173.3,1.31,89,40,4.94,1612652013
228,5880054,Barrow,US,71.2906,-156.7887,-5.8,77,75,10.36,1612651712
229,4805404,Fairmont,US,39.4851,-80.1426,37.4,41,1,4.61,1612651723
230,2270385,Camacha,PT,33.0833,-16.3333,57.2,62,20,17.27,1612651482
231,2347954,Bama,NG,11.5221,13.6856,63.43,30,54,3.94,1612652023
232,546105,Nikolskoye,RU,59.7035,30.7861,8.6,78,20,11.18,1612652009
233,2139521,Noumea,NC,-22.2763,166.4572,82.4,74,40,4.61,1612652027
234,88533,Awjilah,LY,29.1081,21.2869,60.1,39,0,9.26,1612652030
235,5859699,College,US,64.8569,-147.8028,-6.0,77,90,0.04,1612652032
236,2020311,Mamakan,RU,57.8161,114.0028,-1.61,85,100,2.86,1612652034
237,5601615,Mountain Home,US,43.133,-115.6912,51.8,28,1,6.91,1612652037
238,2311968,Nioki,CD,-2.7167,17.6833,72.91,94,65,1.52,1612652039
239,3163146,Andenes,NO,69.3143,16.1194,32.0,69,100,26.46,1612652041
240,777019,Vardø,NO,70.3705,31.1107,27.25,95,100,27.98,1612652043
241,3183284,Alghero,IT,40.5589,8.3181,64.4,63,0,8.05,1612652046
242,3359736,Vredendal,ZA,-31.6683,18.5012,65.86,87,0,13.35,1612652048
243,2123814,Leningradskiy,RU,69.3833,178.4167,-10.84,74,0,6.38,1612651791
244,2208248,Kaitangata,NZ,-46.2817,169.8464,65.39,64,1,6.31,1612651785
245,152224,Mwanza,TZ,-2.5167,32.9,69.8,83,75,6.4,1612652055
246,1337605,Mahibadhoo,MV,3.7833,72.9667,80.71,77,33,11.14,1612652057
247,1283285,Jumla,NP,29.2747,82.1838,26.56,70,0,7.14,1612651988
248,2120048,Ust-Nera,RU,64.5667,143.2,-25.64,75,58,5.08,1612652062
249,3126369,Carballo,ES,43.213,-8.691,39.99,93,73,1.5,1612652064
250,4360369,Laurel,US,39.0993,-76.8483,46.99,52,1,4.47,1612652067
251,2121385,Severo-Kuril'sk,RU,50.6789,156.125,21.97,93,100,14.05,1612652069
252,752967,Żyrardów,PL,52.0488,20.446,14.0,10,99,13.65,1612652071
253,5367788,Lompoc,US,34.6391,-120.4579,68.0,42,1,13.8,1612651580
254,2381972,Adrar,MR,20.5022,-10.0711,57.72,38,98,9.15,1612651702
255,2127733,Tomakomai,JP,42.6369,141.6033,26.01,100,75,6.51,1612651870
256,2156643,Mount Gambier,AU,-37.8333,140.7667,57.2,82,90,9.22,1612652081
257,2127202,Anadyr,RU,64.75,177.4833,-5.01,77,0,5.7,1612652083
258,2997465,Loudéac,FR,48.1783,-2.7543,37.99,93,40,5.75,1612652087
259,2126199,Cherskiy,RU,68.75,161.3,-7.2,80,0,4.83,1612652089
260,1731298,Aloleng,PH,16.1307,119.7824,78.22,77,52,7.11,1612652091
261,3945985,Camaná,PE,-16.6228,-72.7111,72.39,75,100,4.21,1612652024
262,902620,Mwinilunga,ZM,-11.7358,24.4293,64.58,97,100,7.27,1612652096
263,2070998,Geraldton,AU,-28.7667,114.6,68.0,88,75,23.02,1612652099
264,780687,Berlevåg,NO,70.8578,29.0864,26.55,93,100,25.55,1612652102
265,3424901,Aasiaat,GL,68.7098,-52.8699,17.11,87,10,20.98,1612652105
266,2160735,Lakes Entrance,AU,-37.8811,147.981,68.0,72,38,4.0,1612652108
267,1797595,Qinhuangdao,CN,39.9317,119.5883,24.26,86,14,8.3,1612652111
268,3579925,St. George's,GD,12.0564,-61.7485,80.6,69,20,17.27,1612651949
269,3671497,Puerto Colombia,CO,10.9878,-74.9547,86.0,66,0,12.66,1612652074
270,3421719,Narsaq,GL,60.9167,-46.05,19.51,77,24,2.57,1612652118
271,1267390,Kavaratti,IN,10.5669,72.642,81.16,60,5,10.42,1612651873
272,2027244,Bagdarin,RU,54.4333,113.6,-14.6,80,46,2.57,1612652115
273,4544383,Okmulgee,US,35.6234,-95.9605,42.8,87,90,5.75,1612652125
274,5364022,La Palma,US,33.8464,-118.0467,79.0,46,1,8.05,1612651839
275,3459352,Ladário,BR,-19.0047,-57.6017,77.47,55,15,4.65,1612651868
276,933995,Souillac,MU,-20.5167,57.5167,78.8,78,40,4.61,1612651542
277,1795196,Tongchuanshi,CN,35.0806,109.0897,39.67,59,96,5.39,1612652135
278,497024,Senno,RU,59.5336,33.9167,-4.0,83,100,4.7,1612652137
279,3174529,Provincia di Lucca,IT,44.0333,10.45,57.99,56,100,33.38,1612652141
280,2071860,Esperance,AU,-33.8667,121.9,59.0,94,90,11.5,1612652122
281,2630299,Hofn,IS,64.2539,-15.2082,32.9,92,98,18.37,1612652145
282,1640902,Kawalu,ID,-7.3817,108.2082,71.62,88,88,3.87,1612652148
283,4036284,Alofi,NU,-19.0595,-169.9187,84.2,79,100,11.5,1612652150
284,5557293,Sitka,US,57.0531,-135.33,35.6,69,40,14.97,1612651856
285,3372964,Lagoa,PT,39.05,-27.9833,60.21,89,100,26.17,1612652155
286,2126785,Belaya Gora,RU,68.5333,146.4167,-33.81,83,30,0.63,1612652157
287,1623197,Tual,ID,-5.6667,132.75,83.93,78,100,19.48,1612652138
288,6533368,Moranbah,AU,-22.0016,148.0466,83.73,61,100,9.95,1612652162
289,1728439,Balaoan,PH,16.8219,120.4045,76.5,74,19,3.13,1612652164
290,2120769,Talaya,RU,61.3833,152.75,-13.13,85,100,3.65,1612652166
291,2636790,Stornoway,GB,58.2093,-6.3865,37.4,70,20,21.85,1612652170
292,5916821,Cardston,CA,49.2,-113.3019,-4.0,71,100,10.36,1612652172
293,3924679,Vilhena,BR,-12.7406,-60.1458,77.0,88,40,4.61,1612652174
294,5380420,Pacifica,US,37.6138,-122.4869,63.0,63,1,4.61,1612652177
295,2112802,Hasaki,JP,35.7333,140.8333,39.2,70,0,3.44,1612652180
296,1272771,Dhilwan,IN,31.5169,75.35,48.2,93,0,4.47,1612652183
297,4328010,Houma,US,29.5958,-90.7195,57.2,88,90,8.05,1612652185
298,3839307,Rawson,AR,-43.3002,-65.1023,59.43,68,94,24.18,1612652187
299,2185329,Otane,NZ,-39.8833,176.6333,72.0,55,100,7.0,1612652190
300,1796236,Shanghai,CN,31.2222,121.4581,52.0,93,0,2.24,1612652192
301,5853992,Wahiawā,US,21.5028,-158.0236,77.0,60,20,6.91,1612652195
302,956507,Senekal,ZA,-28.3197,27.6208,63.99,78,100,9.04,1612652197
303,2016735,Sherlovaya Gora,RU,50.5667,116.25,-17.66,90,30,0.13,1612652200
304,2469252,Menzel Salem,TN,35.8567,8.4765,66.2,16,40,12.66,1612652203
305,934322,Mahébourg,MU,-20.4081,57.7,78.8,78,40,4.61,1612652186
306,2259655,Impfondo,CG,1.6381,18.0667,76.44,71,75,2.42,1612652209
307,5797693,Hoquiam,US,46.9809,-123.8893,48.2,81,90,25.32,1612652130
308,634093,Tornio,FI,65.8481,24.1466,15.8,86,0,6.91,1612652213
309,2023943,Gorin,RU,51.1983,136.6669,-3.1,91,100,4.41,1612652216
310,2171465,Clarence Town,AU,-32.5833,151.7833,78.01,73,3,11.5,1612652152
311,3407243,Araripina,BR,-7.5761,-40.4983,77.43,36,11,6.73,1612651981
312,5666176,Miles City,US,46.4083,-105.8406,5.0,61,1,10.36,1612652223
313,56335,Giohar,SO,2.7809,45.5005,70.68,87,0,8.9,1612652225
314,1511057,Bakchar,RU,57.0186,82.0711,30.99,98,100,11.01,1612652227
315,245785,Abéché,TD,13.8292,20.8324,66.4,23,13,16.49,1612652230
316,5935341,Dauphin,CA,51.1494,-100.0502,-16.6,58,1,14.97,1612652232
317,5380437,Pacific Grove,US,36.6177,-121.9166,69.01,67,1,7.72,1612651669
318,3448903,São João da Barra,BR,-21.6403,-41.0511,70.48,96,100,15.95,1612651580
319,187896,Mandera,KE,3.9366,41.867,77.86,46,1,13.53,1612652239
320,847634,Rypefjord,NO,70.6333,23.6667,26.56,96,100,16.91,1612652241
321,3696509,Huamachuco,PE,-7.8,-78.0667,58.33,73,81,2.75,1612652244
322,110690,Faya,SA,18.3851,42.4509,50.0,81,0,2.86,1612651856
323,4699575,Hurst,US,32.8235,-97.1706,57.2,58,20,18.41,1612652248
324,2123278,Mil'kovo,RU,54.7167,158.6167,14.29,95,100,3.8,1612652251
325,189741,Lamu,KE,-2.2717,40.902,78.8,78,20,3.44,1612652253
326,259289,Corinth,GR,37.9407,22.9573,54.0,81,0,3.65,1612652255
327,2109701,Auki,SB,-8.7676,160.7034,81.14,83,100,9.93,1612652259
328,3932145,Pisco,PE,-13.7,-76.2167,75.2,73,75,5.75,1612652131
329,3893726,Constitución,CL,-35.3333,-72.4167,61.68,79,22,4.65,1612652263
330,933000,Tonota,BW,-21.4833,27.4833,70.68,86,97,11.43,1612652266
331,3193965,Ormož,SI,46.4114,16.1544,43.0,100,90,8.05,1612652268
332,1516589,Zhezkazgan,KZ,47.8043,67.7144,18.27,95,69,18.48,1612652125
333,3982837,Sonoita,MX,31.85,-112.8333,72.0,17,0,10.54,1612652273
334,2191562,Dunedin,NZ,-45.8742,170.5036,57.99,82,1,21.0,1612651810
335,1513491,Yangi Marg`ilon,UZ,40.4272,71.7189,42.8,49,100,4.61,1612652278
336,5563839,Fortuna,US,40.5982,-124.1573,55.0,87,1,14.97,1612652280
337,3987544,San Blas,MX,21.5167,-105.2667,82.4,42,20,6.91,1612652282
338,779554,Honningsvåg,NO,70.9821,25.9704,28.27,93,100,24.32,1612652285
339,372753,Kassala,SD,15.451,36.4,58.32,51,0,8.37,1612652287
340,3939761,Hualmay,PE,-11.0964,-77.6139,72.28,74,86,8.86,1612652289
341,5036420,Mankato,US,44.1636,-93.9994,-2.2,71,75,18.41,1612652105
342,2244800,Tivaouane,SN,14.9515,-16.8129,62.6,72,84,13.8,1612652294
343,1804169,Lengshuijiang,CN,27.6881,111.4294,53.26,85,45,0.96,1612652296
344,1500399,Lokosovo,RU,61.1333,74.8167,33.78,96,100,13.22,1612652299
345,3948613,Acarí,PE,-15.4311,-74.6158,75.15,64,99,6.33,1612652301
346,3021717,Darnétal,FR,49.4453,1.1514,46.0,100,90,5.75,1612652303
347,1215502,Banda Aceh,ID,5.5577,95.3222,78.44,79,58,8.16,1612652306
348,2206874,Waipawa,NZ,-41.4122,175.5153,69.01,72,97,10.36,1612652159
349,497218,Semikarakorsk,RU,47.5194,40.8112,21.2,79,20,8.95,1612652310
350,1651103,Atambua,ID,-9.1061,124.8925,76.39,87,84,2.39,1612652313
351,687557,Zatoka,UA,46.0725,30.4654,24.8,86,90,6.71,1612652108
352,4033557,Tautira,PF,-17.7333,-149.15,82.4,61,20,13.8,1612652317
353,2881956,Lage,DE,51.9922,8.793,28.99,92,100,8.01,1612652320
354,1279405,Abirāmam,IN,9.4667,78.45,71.04,81,7,10.29,1612652322
355,5334223,Carlsbad,US,33.1581,-117.3506,73.4,59,1,9.22,1612652212
356,1815656,Changli,CN,39.7042,119.1506,24.44,89,3,5.61,1612652327
357,1259385,Port Blair,IN,11.6667,92.75,77.5,77,11,8.32,1612652153
358,2618795,Klaksvík,FO,62.2266,-6.589,33.8,69,20,18.41,1612652331
359,1650232,Banjar,ID,-8.19,114.9675,77.0,94,20,1.14,1612652334
360,933277,Mosetse,BW,-20.75,26.65,71.44,79,100,9.04,1612652336
361,3933986,Orcopampa,PE,-15.2661,-72.3417,52.56,64,93,8.79,1612652338
362,515805,Oktyabr'skoye,RU,43.0645,44.7417,32.0,86,86,6.71,1612652341
363,3361934,Saldanha,ZA,-33.0117,17.9442,66.2,82,1,8.05,1612652343
364,935214,Saint-Pierre,RE,-21.3393,55.4781,78.8,83,40,4.61,1612652130
365,2136150,Luganville,VU,-15.5333,167.1667,84.96,65,2,5.12,1612652349
366,1803782,Lichuan,CN,30.3,108.85,43.61,94,97,0.83,1612652351
367,2557055,Asilah,MA,35.465,-6.0348,51.8,93,75,4.61,1612652353
368,2438855,Téra,NE,14.0078,0.7531,77.72,18,67,7.9,1612652356
369,1805753,Jinan,CN,36.6683,116.9972,39.0,65,4,3.0,1612652358
370,3522526,Nuevo Progreso,MX,23.1667,-97.95,79.0,56,28,5.99,1612652131
371,1337613,Kulhudhuffushi,MV,6.6221,73.07,80.85,73,1,8.03,1612652122
372,64814,Bandarbeyla,SO,9.4942,50.8122,75.31,80,10,12.12,1612652185
373,6255012,Flinders,AU,-34.5833,150.8552,75.0,72,1,1.99,1612652367
374,4946620,Palmer,US,42.1584,-72.3287,39.2,32,20,20.71,1612652135
375,5919850,Chapais,CA,49.7834,-74.8492,14.0,85,90,6.91,1612652372
376,786712,Prizren,XK,42.2139,20.7397,42.8,75,0,2.3,1612652375
377,86049,Jalu,LY,29.0331,21.5482,60.03,39,0,9.42,1612652020
378,2632287,Dalvik,IS,65.9702,-18.5286,33.8,64,75,8.05,1612652341
379,2025456,Chernyshevskiy,RU,63.0128,112.4714,-29.65,87,81,1.79,1612652383
380,1629380,Ruteng,ID,-8.6136,120.4721,66.13,95,89,1.14,1612652385
381,694792,Sarny,UA,51.338,26.6019,9.27,91,24,5.77,1612652387
382,765932,Lubaczów,PL,50.157,23.1234,23.0,81,100,5.99,1612652390
383,1538641,Kedrovyy,RU,56.1667,91.8167,28.4,74,40,2.24,1612652145
384,542184,Krasnovishersk,RU,60.4078,57.082,4.32,94,100,4.59,1612652394
385,4726521,San Patricio,US,28.017,-97.5169,75.2,41,1,9.22,1612652397
386,3449747,Santa Vitória do Palmar,BR,-33.5189,-53.3681,69.98,73,0,9.95,1612652399
387,5742974,North Bend,US,43.4065,-124.2243,50.0,76,75,4.61,1612652150
388,57000,Hobyo,SO,5.3505,48.5268,76.68,80,1,15.23,1612652404
389,2396518,Port-Gentil,GA,-0.7193,8.7815,80.6,89,40,5.75,1612652410
390,2126710,Beringovskiy,RU,63.05,179.3167,-6.97,89,59,10.36,1612652331
391,2015217,Tokur,RU,53.1333,132.9,-25.49,87,62,2.89,1612652419
392,604490,Luleå,SE,65.5842,22.1547,14.0,85,40,12.66,1612652421
393,4164601,Miramar,US,25.9873,-80.2323,75.2,88,90,9.22,1612652424
394,3489440,Morant Bay,JM,17.8815,-76.4093,82.4,74,20,24.16,1612652426
395,2964528,Dungarvan,IE,52.0881,-7.6253,39.99,86,14,4.0,1612652362
396,1255121,Taliparamba,IN,12.05,75.35,69.15,60,20,3.29,1612652431
397,3372745,Rabo de Peixe,PT,37.8,-25.5833,60.01,94,75,16.11,1612652433
398,4720067,Lavaca,US,28.615,-96.6261,69.8,64,1,11.5,1612652435
399,3405215,Bonfim,BR,3.0833,-59.95,84.25,54,97,8.28,1612652438
400,100926,Umluj,SA,25.0213,37.2685,70.36,46,0,13.18,1612652440
401,3374083,Bathsheba,BB,13.2167,-59.5167,78.8,69,20,18.41,1612651688
402,610298,Beyneu,KZ,45.3167,55.2,29.28,84,86,7.16,1612652445
403,6149996,Smithers,CA,54.7804,-127.1743,26.6,93,90,3.2,1612652447
404,1270779,Guhāgar,IN,17.4842,73.1929,71.42,35,22,4.97,1612652450
405,2303611,Esim,GH,4.8699,-2.2405,79.7,89,31,8.34,1612652452
406,1283217,Khanbari,NP,27.3747,87.2039,47.05,59,56,3.51,1612652454
407,2122493,Omsukchan,RU,62.5333,155.8,-6.25,86,100,4.81,1612651976
408,2189343,Kaeo,NZ,-35.1,173.7833,70.0,70,98,8.01,1612652459
409,2035707,Mujiayingzi,CN,42.1167,118.7833,2.71,87,14,5.06,1612652462
410,653272,Kemijärvi,FI,66.7131,27.4306,15.26,95,39,10.11,1612652464
411,3440777,Rocha,UY,-34.4833,-54.3333,65.98,88,0,7.96,1612652467
412,1270996,Gondā City,IN,27.1333,81.9333,49.39,68,0,5.53,1612652469
413,1861280,Itoman,JP,26.1247,127.6694,68.0,77,40,6.91,1612652357
414,2422383,Dalaba,GN,10.7,-12.25,65.25,28,75,2.1,1612652474
415,5288786,Catalina Foothills,US,32.2979,-110.9187,71.01,14,1,5.75,1612652476
416,6148373,Sioux Lookout,CA,50.1001,-91.917,-11.2,64,90,13.8,1612652478
417,2019718,Mukhen,RU,48.1,136.1,-13.4,88,99,1.97,1612652481
418,2019935,Mnogovershinnyy,RU,53.9353,139.9242,-5.67,93,100,6.17,1612652484
419,4834162,Fairfield,US,41.2668,-73.3162,42.8,28,1,11.5,1612652487
420,1213855,Sibolga,ID,1.7427,98.7792,74.98,80,65,4.27,1612652489
421,1651461,Amuntai,ID,-2.4177,115.2494,74.86,97,100,0.38,1612652295
422,1648636,Bitung,ID,1.4451,125.1824,75.2,100,40,2.3,1612652494
423,1519422,Semey,KZ,50.4111,80.2275,30.58,90,75,22.77,1612652496
424,3984571,Santa Catarina de Tepehuanes,MX,25.35,-105.7333,72.3,19,0,15.37,1612652499
425,2012956,Yerbogachën,RU,61.2767,108.0108,-8.14,90,98,5.3,1612652501
426,3179977,Cascina,IT,43.6791,10.4994,57.99,76,0,10.36,1612652503
427,3381041,Mana,GF,5.6592,-53.7767,77.41,87,100,12.62,1612652506
428,2377457,Nouadhibou,MR,20.931,-17.0347,62.6,72,0,17.27,1612652508
429,3870243,Taltal,CL,-25.4,-70.4833,67.46,66,22,6.15,1612652510
430,1862505,Hirara,JP,24.8,125.2833,59.0,94,20,1.14,1612652416
431,3835869,Santiago del Estero,AR,-27.7951,-64.2615,82.31,41,0,6.29,1612652403
432,3423146,Ilulissat,GL,69.2167,-51.1,23.0,46,9,29.93,1612652517
433,5178800,Back Mountain,US,41.3359,-75.9963,35.6,32,1,12.66,1612652278
434,4004293,Ixtapa,MX,20.7,-105.2,77.0,69,75,10.36,1612652522
435,1263557,Mārāndahalli,IN,12.4,78.0,60.19,79,43,2.3,1612652525
436,3406961,Augusto Corrêa,BR,-1.0217,-46.635,78.46,85,78,4.65,1612652527
437,3443631,Bella Union,UY,-30.2752,-57.6007,73.65,50,0,2.77,1612652529
438,3451448,Riacho de Santana,BR,-13.6092,-42.9389,71.4,88,61,3.8,1612652532
439,3933024,Paramonga,PE,-10.6667,-77.8333,71.94,75,64,7.83,1612652506
440,1562798,Vinh,VN,18.6667,105.6667,62.67,92,9,1.5,1612652416
441,2094027,Kieta,PG,-6.2167,155.6333,84.49,69,35,7.45,1612652539
442,1520253,Zharkent,KZ,44.1628,80.0,34.14,77,100,4.14,1612652541
443,1529660,Aksu,CN,41.1231,80.2644,26.8,80,41,3.4,1612652543
444,3646382,Carupano,VE,10.6678,-63.2585,75.47,82,100,12.46,1612652546
445,625144,Minsk,BY,53.9,27.5667,-4.0,92,0,6.71,1612652548
446,2028462,Ulaanbaatar,MN,47.9077,106.8832,-22.0,76,0,2.24,1612652411
447,485660,Tsimmerbude,RU,54.675,20.1347,1.4,85,0,2.24,1612652553
448,295620,Ashquelon,IL,31.6693,34.5715,57.0,100,0,4.07,1612652555
449,2171069,Colac,AU,-38.3333,143.5833,57.0,1,32,1.01,1612652557
450,2181625,Te Anau,NZ,-45.4167,167.7167,69.8,48,5,2.46,1612652303
451,5882953,Aklavik,CA,68.2191,-135.0107,-20.2,76,90,3.44,1612652562
452,591189,Virtsu,EE,58.5716,23.5115,8.01,66,56,4.0,1612652564
453,3395458,Maragogi,BR,-9.0122,-35.2225,78.42,82,55,9.75,1612652475
454,602913,Skellefteå,SE,64.7507,20.9528,15.8,86,4,6.91,1612652570
455,520783,Nizhniy Chir,RU,48.3597,43.0865,24.04,86,79,11.36,1612652573
456,3453060,Pontes e Lacerda,BR,-15.2261,-59.3353,77.18,70,4,2.75,1612652575
457,3675504,Manaure,CO,11.7751,-72.4445,82.17,54,99,20.65,1612652376
458,1486321,Yar-Sale,RU,66.8333,70.8333,-30.95,85,100,14.45,1612652331
459,3386213,Touros,BR,-5.1989,-35.4608,78.8,78,40,4.61,1612652376
460,1726449,Basco,PH,20.4487,121.9702,74.16,87,100,21.94,1612652586
461,2121373,Seymchan,RU,62.8833,152.4333,-17.45,85,89,1.25,1612652588
462,377472,Bentiu,SS,9.2333,29.8333,65.21,26,24,6.8,1612652590
463,3924948,Ouro Preto do Oeste,BR,-10.7481,-62.2158,75.38,95,81,2.17,1612652593
464,2065176,Murray Bridge,AU,-35.1167,139.2667,57.99,98,82,11.97,1612652595
465,6078372,Moose Factory,CA,51.2585,-80.6094,-2.2,65,90,13.8,1612652597
466,287832,Ibrā’,OM,22.6906,58.5334,49.64,80,0,1.36,1612652424
467,934649,Cap Malheureux,MU,-19.9842,57.6142,77.0,85,10,1.99,1612652350
468,2015913,Suntar,RU,62.1444,117.6319,-19.37,88,99,2.51,1612652604
469,1859964,Kaseda-shirakame,JP,31.4167,130.3167,42.8,93,20,1.14,1612652449
470,5856516,‘Āhuimanu,US,21.4447,-157.8378,77.0,47,40,6.91,1612652375
471,1674199,Toucheng,TW,24.8592,121.8233,60.8,94,20,2.3,1612652611
472,2014694,Tyrma,RU,50.0833,132.1667,-10.84,88,100,1.68,1612652614
473,1278335,Ārvi,IN,20.9833,78.2333,57.79,35,0,8.25,1612652617
474,1610538,Kabin Buri,TH,13.9511,101.7177,71.55,63,9,2.3,1612652619
475,1852357,Shimoda,JP,34.6667,138.95,51.82,57,0,10.67,1612652465
476,2562247,Marsaxlokk,MT,35.8419,14.5431,60.8,88,0,11.5,1612652624
477,4944903,Nantucket,US,41.2835,-70.0995,39.99,65,1,23.02,1612652568
478,6457397,Bose,IT,45.4612,8.0137,46.0,96,100,7.0,1612652629
479,1495626,Pangody,RU,65.85,74.4859,-19.35,86,78,13.87,1612652631
480,498418,Satka,RU,55.0425,59.04,-1.19,88,100,17.47,1612652634
481,4021858,Guerrero Negro,MX,27.9769,-114.0611,71.19,39,0,10.83,1612652636
482,2643044,Margate,GB,51.3813,1.3862,39.0,86,100,5.01,1612652638
483,1539209,Gubkinskiy,RU,64.434,76.5026,-3.35,92,100,16.28,1612652605
484,3387620,Simplício Mendes,BR,-7.8539,-41.9103,77.29,72,64,6.11,1612652644
485,2409914,Bonthe,SL,7.5264,-12.505,79.21,79,68,7.58,1612652588
486,2640351,Peterhead,GB,57.5058,-1.7981,35.6,64,90,17.27,1612652649
487,636947,Siilinjärvi,FI,63.0833,27.6667,15.8,86,90,12.66,1612652651
488,2027786,Amga,RU,60.8953,131.9608,-28.55,82,100,1.41,1612652654
489,1300466,Bago,MM,17.3367,96.4797,75.2,83,20,4.61,1612652656
490,697945,Pasichna,UA,48.5715,24.43,25.02,96,100,4.27,1612652660
491,5404198,Twentynine Palms,US,34.1356,-116.0542,71.01,11,1,3.44,1612652662
492,1728675,Balabac,PH,7.9868,117.0645,80.58,81,100,15.19,1612652666
493,235489,Adjumani,UG,3.3779,31.7909,70.93,24,44,1.63,1612652671
494,779622,Havøysund,NO,70.9963,24.6622,27.41,94,100,22.01,1612652673
495,2184707,Wanaka,NZ,-44.7,169.15,72.0,54,14,3.0,1612652675
496,1266489,Kishanganj,IN,26.1167,87.9333,54.7,67,0,4.94,1612652678
497,1244926,Hambantota,LK,6.1241,81.1185,76.62,84,97,16.04,1612652680
498,2707684,Härnösand,SE,62.6323,17.9379,15.8,92,44,6.91,1612652683
499,2444219,Gouré,NE,13.9835,10.2704,63.84,23,66,9.06,1612652685
500,1056899,Sambava,MG,-14.2667,50.1667,75.04,91,95,4.9,1612652508
501,3406948,Autazes,BR,-3.5797,-59.1306,77.16,93,71,1.59,1612652689
502,3421193,Paamiut,GL,61.994,-49.6678,24.04,79,0,6.26,1612652692
503,2638419,Scarborough,GB,54.2797,-0.4044,37.0,89,100,11.01,1612652400
504,1628884,Sampit,ID,-2.5333,112.95,74.41,98,100,2.04,1612652696
505,1295765,Sittwe,MM,20.15,92.9,61.14,64,0,7.87,1612652700
506,2013921,Ust-Kuyga,RU,70.0167,135.6,-29.29,83,100,3.76,1612652703
507,361058,Alexandria,EG,31.2156,29.9553,55.4,88,0,3.44,1612652441
508,304013,Mut,TR,36.6439,33.4389,50.5,49,0,0.87,1612652708
509,5870133,Nome,US,64.5011,-165.4064,17.6,79,90,6.91,1612652710
510,2137773,Vao,NC,-22.6667,167.4833,77.4,83,0,4.47,1612652713
511,3694112,Paita,PE,-5.0892,-81.1144,80.6,65,0,9.22,1612652715
512,3421765,Nanortalik,GL,60.1432,-45.2371,22.44,82,17,8.43,1612652717
513,2456917,Goundam,ML,16.4145,-3.6708,77.56,20,98,14.34,1612652720
514,2016708,Shilka,RU,51.85,116.0333,-13.43,83,66,1.23,1612652722
515,1529651,Altay,CN,47.8667,88.1167,21.52,88,75,4.18,1612652724
516,1491977,Shumskiy,RU,54.8318,99.1328,15.04,91,100,4.68,1612652727
517,1830377,Lumphat,KH,13.4878,106.9816,68.92,76,86,7.34,1612652729
518,3449500,Santo Antônio do Monte,BR,-20.0872,-45.2936,68.13,92,61,4.0,1612652731
519,4034551,Faanui,PF,-16.4833,-151.75,82.24,67,2,10.04,1612652735
520,1059051,Miandrivazo,MG,-19.5167,45.4667,78.76,80,100,4.25,1612652738
521,2510573,Teguise,ES,29.0605,-13.564,60.8,67,40,9.22,1612652740
522,4018904,Álamos,MX,27.0167,-108.9333,80.42,16,0,3.49,1612652742
523,934479,Grand Gaube,MU,-20.0064,57.6608,75.99,85,8,1.99,1612652744
524,693942,Shostka,UA,51.863,33.4698,-2.56,92,35,7.27,1612652747
525,2122605,Okhotsk,RU,59.3833,143.3,-3.17,86,38,16.13,1612652749
526,2143285,Wodonga,AU,-36.1167,146.8833,70.0,73,0,2.3,1612652751
527,1502073,Krasnosel'kup,RU,65.7,82.4667,-8.61,90,99,13.42,1612652754
528,4288809,Covington,US,39.0837,-84.5086,35.6,38,1,4.61,1612652756
529,4362001,Mayo,US,38.8876,-76.5119,46.0,61,1,3.44,1612652759
530,5110365,Broome,US,42.2506,-75.833,26.6,33,1,6.91,1612652763
531,2738082,Macedo de Cavaleiros,PT,41.5382,-6.9611,35.01,87,58,2.77,1612652765
532,5807540,Pullman,US,46.7313,-117.1796,42.8,65,90,18.41,1612652768
533,1637510,Loa Janan,ID,-0.583,117.095,74.26,96,100,1.1,1612652771
534,3940002,Huacho,PE,-11.1067,-77.605,72.48,73,85,8.77,1612652774
535,2419472,Kissidougou,GN,9.1848,-10.0999,75.04,24,90,2.44,1612652777
536,1259069,Rādhanpur,IN,23.8333,71.6,59.38,33,0,9.24,1612652780
537,3412093,Vestmannaeyjar,IS,63.4427,-20.2734,39.31,72,34,29.73,1612652619
538,888710,Kwekwe,ZW,-18.9281,29.8149,65.75,93,81,4.88,1612652785
539,1515029,Ulaangom,MN,49.9811,92.0667,-8.43,89,40,2.26,1612652788
540,2015701,Taksimo,RU,56.3444,114.8794,-15.23,77,81,0.51,1612652587
541,4218882,Rincon,US,32.296,-81.2354,48.2,93,90,11.5,1612652518
542,2828737,Steinbach am Taunus,DE,50.1667,8.5667,43.0,100,90,13.8,1612652795
543,2702261,Kalmar,SE,56.6616,16.3616,21.0,79,75,9.22,1612652797
544,4231997,Avera,US,33.194,-82.5271,42.8,90,90,9.22,1612652558
545,2389086,Berbérati,CF,4.2612,15.7922,72.18,52,19,1.61,1612652708
546,3919703,Comarapa,BO,-17.9,-64.4833,59.43,93,62,3.36,1612652804
547,569295,Cherëmukhovo,RU,60.3484,59.9851,-12.98,89,100,11.56,1612652720
548,1645528,Denpasar,ID,-8.65,115.2167,77.0,94,20,1.14,1612652809
549,1168700,Ormara,PK,25.2088,64.6357,66.58,49,0,8.97,1612652529
550,6431379,Saint-Alexandre,FR,44.2278,4.6214,57.2,71,90,5.75,1612652814
551,779261,Kjøllefjord,NO,70.9457,27.3465,26.24,93,100,20.71,1612652816
552,1494482,Polunochnoye,RU,60.8697,60.4153,-15.32,90,100,13.2,1612652818
553,1790437,Zhuhai,CN,22.2769,113.5678,64.99,94,0,3.44,1612652821
554,2276492,Harper,LR,4.375,-7.7169,79.47,88,6,7.9,1612652695
555,2412408,Nioro,GM,13.35,-15.75,73.08,27,100,8.12,1612652825
556,1299237,Pyapon,MM,16.2833,95.6833,68.79,93,0,4.9,1612652828
557,3520989,Puerto Madero,MX,14.7208,-92.4215,86.0,51,1,9.22,1612652830
558,2121025,Srednekolymsk,RU,67.45,153.6833,-17.61,84,16,2.1,1612652587
559,1256064,Sironj,IN,24.1,77.7,50.41,53,0,6.73,1612652835
560,2093059,Kundiawa,PG,-6.0167,144.9667,69.8,69,100,1.39,1612652837
561,2240449,Luanda,AO,-8.8368,13.2343,78.8,83,20,9.22,1612652818
562,1717787,Catuday,PH,16.2923,119.8062,77.36,79,22,8.88,1612652842
563,893549,Chipinge,ZW,-20.1883,32.6236,64.98,100,74,3.0,1612652845
564,2694762,Linköping,SE,58.4109,15.6216,12.0,92,90,2.3,1612652848
565,1625908,Sungai Raya,ID,0.7,108.9,76.26,90,100,4.43,1612652851
566,2173911,Broken Hill,AU,-31.95,141.4333,62.6,72,35,18.41,1612652854
